lp,src,mt,ref,score,raw,annotators,domain
en-tr,"For a good chunk of the team, these idle minutes constitute a midday break.","Takımın iyi bir parçası için, bu boş dakikalar gün ortası molasıdır.",Takımın önemli bir kısmı için bu boş dakikalar gün ortası molasını oluşturuyor.,-0.497569633701616,24.0,1,news
en-tr,The pound was 0.5% down at 1.31 US dollars and fell 0.4% to 1.11 euros.,"Pound, 1,31 ABD dolarına göre% 0,5 düşüş gösterdi ve% 0,4 düşüşle 1,11 avroya geriledi.","Pound %0,5 düşerek 1,31 ABD doları ve %0,4 düşerek 1,11 avro oldu.",0.976350874110724,88.0,1,news
en-tr,The answer of this question was hidden in one of Mehmet Görmez’s overseas trips.,Bu sorunun cevabı Mehmet Görmez'in yurtdışı gezilerinden birinde gizlendi.,Sorunun yanıtı Mehmet Görmez'in bir yurt dışı gezisinde saklıydı.,0.461946971288744,75.0,1,news
en-tr,"She shared the message ""Why was your death was required?""","""Ölüm neden gerekliydi?"" Mesajını paylaştı.","""Ne gerek vardı ki şimdi ölüme"" mesajını paylaştı.",0.892422457271084,94.0,1,news
en-tr,Republicans in Congress are pushing for a broader rewrite of the ozone rules.,Kongrede Cumhuriyetçiler ozon kurallarının daha geniş bir yeniden yazımı için bastırıyorlar.,Kongredeki Cumhuriyetçiler ozon kanunlarının daha geniş bir tekrar yazımı için baskı yapıyor.,1.39970341417945,99.0,1,news
en-tr,"However, the problems between those two countries are worrying us and naturally this causes investors to postpone their decisions somewhat more.","Ancak, bu iki ülke arasındaki sorunlar bizi endişelendiriyor ve doğal olarak bu durum yatırımcıların kararlarını bir miktar daha ertelemelerine neden oluyor.",Fakat bu iki ülke arasındaki problem bizi üzüyor ve haliyle yatırımcıların kararlarını biraz daha ertelemelerini sağlıyor.,1.06476251447995,87.0,1,news
en-tr,"It might have been a matter of borrowing or lending money, or some exchange of foul words.",Para ödünç verme ya da borç verme ya da bazı kötü kelimelerin alışverişi meselesi olabilirdi.,"Orada bir borç alma borç verme durumu, ya da küfürleşme olmuş olabilir.",-0.329443648437379,55.0,1,news
en-tr,Payments will be made through Social Aid Cards issued by the PTT.,Ödemeler PTT tarafından verilen Sosyal Yardım Kartları ile yapılacaktır.,Ödemeler PTT aracılığıyla sağlanacak Sosyal Yardım Kartları üzerinden yapılacak.,0.965081154418621,100.0,1,news
en-tr,"Best of luck to you.""","Sana iyi şanslar. ""","Sana iyi şanslar.""",1.4511852459464,100.0,1,news
en-tr,"And I think, like most Americans, we're all proud of the helicopter and other military equipment that so many Americans worked tirelessly to do.","Ve sanırım, çoğu Amerikalı gibi, birçok Amerikalı'nın yorulmadan çalıştığı helikopter ve diğer askeri ekipmanlarla gurur duyuyoruz.",Ve çoğu Amerikalı gibi birçok Amerikalı'nın yapmak için yorulmadan çalıştığı helikopter ve diğer askeri ekipmanlarla hepimizin gurur duyduğunu düşünüyorum.,0.541086033261356,77.0,1,news
en-tr,"From 2+1 rooms to 5+1 rooms, Dia Mare makes available various types of apartments.","2 + 1 odadan 5 + 1 odaya kadar Dia Mare, çeşitli tiplerde daireler sunmaktadır.",Dia Mare'de 2+1'den 5+1'e değişen çok sayıda daire tipi bulunuyor.,1.17419852904225,93.0,1,news
en-tr,Erfan had to think creatively to resolve the brief.,"Erfan, özeti çözmek için yaratıcı düşünmek zorundaydı.",Erfan meseleyi çözmek için yaratıcı bir şekilde düşünmeliydi.,0.645325959041558,60.0,1,news
en-tr,"In the tender, run under a model developed by the Ministry of Energy and Natural Resources as they seek to reduce foreign dependency and to move towards domestic energy sources, a world record was broken.","İhalede, dışa bağımlılığı azaltmak ve iç enerji kaynaklarına yönelmek amacıyla Enerji ve Tabii Kaynaklar Bakanlığı tarafından geliştirilen bir model altında çalışarak bir dünya rekoru kırıldı.",Enerji ve Tabii Kaynaklar Bakanlığı'nın dışa bağımlılığı azaltarak milli enerjiye geçişi sağlamak için kurguladığı modelle yapılan ihalede dünya rekoru kırıldı.,0.223876106711103,47.0,1,news
en-tr,"Despite that, and the fact that Valdez was intimately aware of the perils of his work, Ismail Bojorquez, 60, a co-founder and director of Riodoce, is wracked with guilt for failing to protect his friend.","Buna rağmen ve Valdez'in çalışmalarının tehlikelerini yakından fark etmesi gerçeği, Riodoce'un kurucusu ve yöneticisi olan İsmail Bojorquez 60 yaşındaki arkadaşını korumakta başarısız olduğu için suçluluk içinde.","Buna rağmen ve Valdez'in işinin tehlikelerinin derinlemesine farkında olmasına rağmen Riodoce'nin kurucu ortağı ve müdürü Ismail Bojorquez (60), arkadaşını korumakta başarısız olduğu için suçluluktan yıkılmış.",-0.172016693066975,62.0,1,news
en-tr,"Spanning the middle ages to the Edwardian era, A Castle in England documents the families that lived in Scotney, with each story illustrated by a different, upcoming UK artist - Isaac Lenkiewicz, Briony May Smith, William Exley, Becky Palmer and Isabel Greenberg.","Orta çağları Edward dönemine yaymak için İngiltere'deki bir Kale, farklı bir İngiliz sanatçı olan Isaac Lenkiewicz, Briony May Smith, William Exley, Becky Palmer ve Isabel Greenberg tarafından resmedilen her hikaye ile Scotney'de yaşayan aileleri belgeliyor.","Edward devrinden Orta Çağ'a kadar uzanan İngiltere'de Bir Kale, her hikaye Birleşik Krallık'tan adı geçen farklı bir sanatçı (Isaac Lenkiewicz, Briony May Smith, William Exley, Becky Palmer ve Isabel Greenberg) tarafından resmedilmek üzere Scotney'de yaşamış aileleri belgeliyor.",-0.125000067536969,47.0,3,news
en-tr,"Aksigorta, Anadolu Sigorta and Gunes Sigorta are trading on Borsa Istanbul.","Aksigorta, Anadolu Sigorta ve Güneş Sigorta, Borsa İstanbul'da işlem görmektedir.","Borsa İstanbul'da Aksigorta, Anadolu Sigorta ve Güneş Sigorta işlem görüyor.",0.748966845761089,76.0,1,news
en-tr,"""What?!,"" Rascona asked.","""Ne?!"" Diye sordu Rascona.","Rascona ""Ne?!"" diye sordu.",1.03605381732369,86.0,1,news
en-tr,For 15–20 minutes security set up a blockade between us.,15-20 dakika boyunca güvenlik aramızda bir abluka kurdu.,15-20 dakika boyunca güvenlik set çekti aramıza.,0.289627691260929,60.0,1,news
en-tr,When you were young they didn’t want you because they didn’t like your rankings in Cuba.,"Gençken, seni istemediler çünkü Küba'daki sıralamanızı beğenmediler.",Gençken Küba'da derecelerini beğenmedikleriniiçin seni istemediler.,-0.0223569314681314,48.0,1,news
en-tr,"""We need to do everything over the next few months to normalize this situation.","""Bu durumu normalleştirmek için önümüzdeki birkaç ay boyunca her şeyi yapmalıyız.","""Gelecek birkaç ay zarfında bu durumu normalleştirmek için her şeyi yapmalıyız.",1.22623880039538,100.0,2,news
en-tr,"According to the collective labor agreement signed, ground personnel who are members of the IZDENIZ union will receive a 12% salary increase.","İmzalanan toplu iş sözleşmesine göre, İZDENİZ birliği üyesi olan yer personeli,% 12 maaş artışı alacak.",İmzalanan toplu iş sözleşmesine göre İZDENİZ bünyesindeki kara personelinin maaşına yüzde 12 oranında zam yapılacak.,0.850538067584469,73.0,1,news
en-tr,"A source close to the government said: - ""According to scholars, Mehmet Görmez did not look out for orthodox followers of the sunnah!""","Hükümete yakın bir kaynak şöyle demişti: - “Bilim adamlarına göre Mehmet Görmez, sünnetin ortodoks takipçilerine bakmadı!”","İktidara yakın kaynak dedi ki: - ""Geleneksel ulemaya göre, Mehmet Dönmez ehli sünnete sahip çıkmadı!""",-1.33309652723575,28.0,1,news
en-tr,"When we look at it from 200 years of historical cooperation between Turkey and Germany, I think this result will make an important contribution to Turkey-Germany relations.","Türkiye ile Almanya arasındaki 200 yıllık tarihi işbirliğinden baktığımızda, bu sonucun Türkiye-Almanya ilişkilerine önemli bir katkı sağlayacağını düşünüyorum.","Türkiye ve Almanya'nın 200 yıllık tarihsel işbirliği açısından da baktığımızda, bu sonucun Türkiye-Almanya ilişkilerine önemli bir katkı sağlayacağını düşünüyorum.",1.72612100140087,100.0,1,news
en-tr,"The newly released trailer sees Pedro Pascal return as Javier Peña, the character enlisting American and Colombian law enforcement to help with the war on drugs.",Yeni çıkan treyler Pedro Pascal'ın uyuşturucuyla savaşmak için Amerikan ve Kolombiya kolluk kuvvetlerine yardım eden karakteri olan Javier Peña olarak geri döndüğünü görüyor.,"Yeni çıkan fragmanda Pedro Pascal, Amerikalı ve Kolombiyalı kolluk kuvvetlerine uyuşturucuya karşı savaşta destek sağlayan karakter olan Javier Peña olarak geri dönüyor.",0.791360089873013,78.0,1,news
en-tr,"Buyukataman said ""These are propaganda aimed at creating an anti-MH perception, but their campaign shall turn against them"".","Büyükada, ""Bunlar bir anti-MH algısı yaratmayı amaçlayan propagandadır, ancak kampanyaları onlara karşı dönecektir"" dedi.","Büyükataman, ""Bunların MHP aleyhinde algı oluşturmaya dönük propaganda ve kampanyaları ters tepecektir"" dedi.",1.06540867634575,85.0,1,news
en-tr,"""These rate estimates include personnel, maintenance and many other sunk costs that are included in annual appropriations.""","""Bu oran tahminleri, yıllık ödeneklerde yer alan personel, bakım ve diğer birçok batık maliyeti içerir.""","""Bu oran tahminleri personel, bakım ve yıllık giderler içerisinde yer alan batık maliyetleri kapsıyor.""",0.673601793604839,76.0,2,news
en-tr,The heat created by such a collision would cause third-degree burns on your body even if you were 100 km away from the collision point.,"Böyle bir çarpışmanın yarattığı ısı, çarpışma noktasından 100 km uzakta olsanız bile vücudunuzda üçüncü derece yanıklara neden olur.",Çarpma sonucu oluşan ısı nedeniyle çarpma noktasından 100 km uzakta olsanız bile vücudunuzda 3. derece yanık meydana gelir.,1.50074965716898,95.0,1,news
en-tr,Yesterday (the day before yesterday) evening we had another example of the same incident with an assault on our cardiovascular surgical physician by a patient’s relative.,"Dün (dünden önceki gün) akşam, aynı olayın bir örneğini, bir hastanın akrabası tarafından kardiyovasküler cerrahi doktorumuza yapılan bir saldırıda gördük.","Bu olayın bir örneğini dün (önceki gün) akşam, kalp damar cerrahi hekimimizin, bir hasta yakını tarafından darp edilmesiyle yeniden yaşamış bulunmaktayız.",0.811582979505467,76.0,1,news
en-tr,It just shows how far we've come.,Sadece ne kadar geldiğimizi gösteriyor.,Bu bizim ne kadar yol aldığımızı gösteriyor.,-0.497569633701616,24.0,1,news
en-tr,"On July 25, 1946, Loy Harrison, a prominent white landowner, paid $600 to bail Malcom out of jail, according to the FBI.","25 Temmuz 1946'da, önde gelen beyaz bir arazi sahibi olan Loy Harrison, FBI'ya göre Malcom'u hapisten kurtarmak için 600 dolar ödedi.","FBI'a göre, 25 Temmuz 1946'da önde gelen beyaz bir toprak sahibi olan Loy Harrison, Malcom'u hapisten çıkarmak için 600$ ödemiş.",1.33247665298748,97.0,1,news
en-tr,"This is a great showcase for this course.""","Bu, bu kurs için harika bir vitrin. ""","Bu saha için harika bir gösterim bu.""",-0.52729130336891,50.0,1,news
en-tr,They are preparing people for such things by scaring them.,İnsanları bu tür şeyleri korkutup onları hazırlıyorlar.,İnsanlara korku sağlayarak böyle şeyleri alıştırıyorlar.,-0.781119694999984,16.0,1,news
en-tr,"Pointing to July inflation coming down to single digits, in line with expectations, Business Investment Economist Muammer Kömürcüoğlu said ""The decrease in the food and garment groups’ prices has had an effect on the modest course of inflation.""","Beklentiler doğrultusunda Temmuz ayı enflasyonu tek haneli rakamlara inen İş Yatırım Ekonomisti Muammer Kömürcüoğlu, ""Gıda ve konfeksiyon gruplarının fiyatlarındaki düşüşün enflasyonun ılımlı seyri üzerinde bir etkisi oldu."" Dedi.","Temmuzda enflasyonun, beklentilere paralel olarak, tek haneye gerilediğine dikkat çeken İş Yatırım Ekonomisti Muammer Kömürcüoğlu, ""Enflasyondaki ılımlı seyirde, gıda ve giyim grupları fiyatlarındaki düşüşün etkisi var.""",-0.0690834517964064,42.0,1,news
en-tr,Bread is just as out of reach.,Ekmek sadece erişilemez.,Ekmek ulaşılamaz.,-1.16669623299293,5.0,1,news
en-tr,"Describing how the MSCI Emerging Markets Index had recorded a 23% increase and that looking at only this ratio, there had been a positive divergence, Ümüt said:","MSCI Gelişen Piyasalar Endeksi'nin% 23'lük bir artış kaydettiğini ve sadece bu orana bakmanın olumlu bir ayrılık olduğunu açıklayan Ümüt, şunları söyledi:","Ümüt, MSCI gelişmekte olan piyasalar (EM) endeksinin yüzde 23 yükseliş kaydettiğini, sırf bu oranlara baktığımızda bile pozitif ayrışmanın olduğunu belirterek şunları kaydetti:",0.878776106711751,88.5,2,news
en-tr,"Stressing that those products being sold are scratching the teeth’s dentin surfaces and colouring the teeth irreversibly, Nukhet Berk said ""Whitening of the teeth can be attained by the chemical materials applied by dentists or by porcelain surfaces stuck onto the teeth’s surfaces like a nail"".","Satılmakta olan ürünlerin dişlerin dentin yüzeylerini çizdiğini ve dişlerin geri dönülemeyecek şekilde renklendirildiğini vurgulayan Nukhet Berk, ""Dişlerin beyazlatılması diş hekimlerinin uyguladığı kimyasal malzemelerle veya dişin yüzeyine tırnak gibi yapışmış porselen yüzeylerle elde edilebilir"" dedi.","Satılan bu tür maddelerin mine yüzeyini çizdiğini, bir daha geri dönüşümü olmayacak şekilde dişlerin renklendiğini belirten Nükhet Berk, ""Dişlerin beyazlatılması, diş hekimleri tarafından uygulanan kimyasal maddelerle veya dişlerin yüzeyine takma tırnak gibi yapışan ince porselen yüzeylerle sağlanabilir"" diyor.",0.630067695522518,75.0,1,news
en-tr,"The US President berated him for publicly denouncing the wall, reportedly saying to him ""You cannot say that to the press.""","ABD Başkanı, duvarın halka açık bir şekilde kınanması için ona yalvardı, bildirildi ki ""Basına bunu söyleyemezsin.""","ABD başkanı duvarı halka açık bir şekilde topa tutan Meksika başkanını azarladı ve söylentiye göre ""Bunu basına söyleyemezsin."" dedi",-0.50181885461788,49.0,1,news
en-tr,"With season three, the DEA has turned their attention towards the richest drug trafficking organisation in the world: the Cali Cartel.","Sezon 3 ile DEA, dikkatlerini dünyanın en zengin uyuşturucu kaçakçılığı örgütü haline getirdi: Cali Kartel.",Üçüncü sezonla birlikte DEA dikkatini dünyadaki en zengin uyuşturucu kaçakçısı örgüte çeviriyor: Cali Karteli,-1.19610163814797,0.0,1,news
en-tr,Interpol was reported to have sent the list to European police forces in May.,Interpol'ün listeyi Mayıs ayında Avrupa polis teşkilatlarına gönderdiği bildirildi.,Interpol'ün de söz konusu listeyi Mayıs ayında Avrupa'daki polis teşkilatlarına ilettiği kaydedildi.,1.56315633280526,94.0,1,news
